currentGen,iteration1,iteration2,iteration3,iteration4,iteration5,iteration6,iteration7,iteration8,iteration9,iteration10,iteration11,iteration12,iteration13,iteration14,iteration15,iteration16,iteration17,iteration18,iteration19,iteration20,iteration21,iteration22,iteration23,iteration24,iteration25,iteration26,iteration27,iteration28,iteration29,iteration30,iteration31,iteration32,iteration33,iteration34,iteration35,iteration36,iteration37,iteration38,iteration39,iteration40,iteration41,iteration42,iteration43,iteration44,iteration45,iteration46,iteration47,iteration48,iteration49,iteration50,iteration51,iteration52,iteration53,iteration54,iteration55,iteration56,iteration57,iteration58,iteration59,iteration60,iteration61,iteration62,iteration63,iteration64,iteration65,iteration66,iteration67,iteration68,iteration69,iteration70,iteration71,iteration72,iteration73,iteration74,iteration75,iteration76,iteration77,iteration78,iteration79,iteration80,iteration81,iteration82,iteration83,iteration84,iteration85,iteration86,iteration87,iteration88,iteration89,iteration90,iteration91,iteration92,iteration93,iteration94,iteration95,iteration96,iteration97,iteration98,iteration99,iteration100,mean
1,0.017274218431651743,0.0828637604476448,0.015797776437436906,-0.14909498694071083,0.1593807261320046,0.044896870076278475,-0.01490362820710483,-0.046632214248906165,-0.01965544251488312,0.09680981861211857,0.007713820840493396,0.006663845522879475,0.094912113745149,0.03638398580837673,-0.03654738249862261,0.060886309083417856,-0.10403126176281467,-0.08500559233649493,0.12199178390739071,0.13763404803941212,-0.14223907733903637,-0.005733533881174174,-0.06837119253658108,0.02253893680641157,-0.026049401513685587,0.0015363096827588241,0.1868390283568547,0.17081109381085519,-0.24726214502661947,-0.015210226947096745,-0.08896715589903506,-0.13950407338585097,-0.1508892252990652,0.06217870215874881,0.05078027520828985,0.024078285099072633,-0.04854669732874126,-0.025452660426274476,0.15631455548054762,-0.10616967098338578,-0.030127574781364286,0.07952067437170157,0.12976677147245813,0.030248871264212183,-0.0819134507718882,-0.12966534667581,-0.16718396821314213,-0.09912789308995244,-0.11051637333532491,-0.018946491666631364,0.0034525751219056655,0.08082539989640922,-0.045445479408764686,-0.1359606498162721,0.09738777785594119,-0.031697015523856495,-0.10793581410620531,0.06454708076764182,0.014736290938392288,-0.07809293551423058,-0.0018427331676159342,0.047875464657871555,-0.10189257268196279,-0.04797597160814097,-0.022790240666242002,-0.09277210824832227,0.20028552209084874,-0.024956077174668318,0.06357326704421722,0.09368125862026774,-0.08948780148727271,-0.11776792186853031,-0.023978747650776615,-0.09153688674542651,0.00038893634646559037,-0.058437959440489816,0.07325207000569323,-0.001839786740548016,-0.05578598306701271,-0.12134158488801075,0.011050271316160654,0.04140942562301819,0.018866026020762382,0.08819559445227823,-0.04558809547104887,-0.0032853896106089632,0.04066956920292971,0.023459778633658092,-0.027721817165241948,-0.16832859581806048,-0.014190071356163259,-0.05441081381946812,-0.0008014482881733287,0.08839493386955255,0.012103133145927637,0.01720330825254746,0.17309350486309844,0.15579518007550214,-0.20498906721749152,0.12090480209591781,-0.0059962648446762875
2,0.004126407286347768,0.007723545415937373,0.000533518306790259,0.0032445855213210583,0.02855829986350434,0.0028853864086216966,0.00834364143318572,-0.005402878312431079,0.0017251499167846734,0.03689139703486876,0.006289488686464097,0.0028191135231936046,0.014014965108876343,-0.0009176972085175716,-0.0020620207119792233,0.006194658134258319,-0.03346658730660139,0.0028625116159471434,0.018810706066916913,0.04155825243092771,-0.007900189395324513,-0.005733533881174174,0.0010826825292672552,-0.005967151264912942,-0.0003318658910262128,0.0015363096827588241,0.05856665910954199,0.048496704980504554,-0.11505808725668418,0.0003225308007541713,0.0015659535641358864,0.004416932520409815,-0.01828173735803942,0.0002545138547679363,0.009674080599613843,-0.0041280686824425854,-0.0006380719414873015,0.0003310894307443163,0.008832202828088364,-0.01045773215835503,-0.0031916265923527002,-0.00857962760469702,0.010099996453278371,0.004245430281560591,-0.003359932865364274,-0.03417883282316252,-0.07486787595152324,-0.009932981552315128,-0.009447095815674794,-0.002292268349001889,0.0018808847550027923,0.022804687192366464,-0.0005618595129403637,-0.007463777090377902,0.005555409135236113,-0.002342250552203206,-0.02661858674185814,-0.0041275010028187665,-1.3790961319846799e-05,-0.00412549771962401,-0.0018427331676159342,-0.007673237400933615,-0.013691944735966641,-0.0017611595323960747,0.0043846379182968164,-0.0006405042348866255,0.01706252880842484,0.0024954619525825736,0.00636311533032589,0.023528248676730413,-0.01149096712194418,-0.04437508429585018,-0.0023697426256504488,-0.0073411132944204175,0.00038893634646559037,0.004972635302415988,-0.00558054412397353,-0.0017399802514245694,-0.0027431229074503147,-0.026620482948827656,-0.0024433883145372147,0.006191788988706778,0.00282179538487797,0.009293501912462815,-0.004374475121822772,0.0021491933300461443,-0.0023899234682453847,-0.006791427685552909,0.005175097387720987,-0.04577420014536046,-0.0016695641420361024,-0.0014748154872135592,-0.0008014482881733287,0.009428671243824367,0.003165976903381973,-0.004352172610703151,0.06772760361642355,0.012550599164240447,-0.09552673938199327,-0.004782517133951518,-0.001557529281862351
3,0.0008251576731659651,0.0015579979787918243,-8.319675421008833e-05,-0.0009104137081422127,0.012949635885404303,0.00026832728982171037,0.0019053051290870958,0.00013835292012475366,0.0002591510184082952,0.02922794143189411,0.0008479688058238502,-0.00042032118440905425,0.004446675215051798,2.3157576039944018e-05,0.00024528995103087714,0.0001069747792309627,-0.02241778403521799,-7.1136319226507e-05,0.0033920661935946243,0.027961264656743746,0.0004502803957770243,0.0035356631254476385,-0.0004113714865176607,-0.0005251126502866008,-0.0003318658910262128,-0.00021084544747149324,0.038242539731905466,0.03189726029224242,-0.09913283321544167,-0.0002687371598648065,-6.637806714745354e-05,-0.00018844266979443631,-0.005187186380881098,0.0002545138547679363,0.00315404765292517,-0.0011631927391159724,0.0003014420451354118,9.998793540044915e-05,0.0011045900297266588,-0.0007192453642950276,0.00022711910791054171,-0.00021678336543682974,1.4792751751998428e-05,0.0010351351636832232,0.00031026237935388257,-0.01833304651490163,-0.06058372117056552,-0.0002994888548695842,-0.00027585641341569344,0.00018310248490365888,8.747408373419637e-07,0.01652952386025352,-0.0001243233521057537,-0.00115583932316125,0.0002155246586597336,-0.00019479402091384862,-0.016021833101421874,-0.0007906179828938039,-1.3790961319846799e-05,-0.00026372681420833,-0.0018427331676159342,-0.002076078910447736,-0.007076495561526434,-0.0002651661431923631,0.0006893668360224177,0.00020539664158658838,0.0018810599070806764,-0.0006599223381835468,0.0013779184128969585,0.00829426940562462,-0.0014137796153008263,-0.030804267150446922,-0.00011574898419644288,-0.00018749060284754137,0.00038893634646559037,0.0005715476222051184,-0.0005466671152114776,-0.00035870838778077945,0.000546294433599225,-0.010662031789075228,-7.003083171550515e-05,0.0008813325806437934,0.00039125155356532076,0.00010704596380696901,-0.00047638751563362986,-0.0003522179130802634,-0.0005361483065490252,-0.0014975645547210604,0.000741385839678009,-0.023829170005179263,0.00021404282517816422,0.000680892326007399,0.0003577303949108874,0.0011696461587289212,0.0006713636961360944,-0.0015157600447238098,0.046769475910070316,-0.0010832163487652876,-0.0823925581374915,-0.00012270539180514974,-0.0015061585019464896
4,0.000503317273315137,0.0004880560089720482,8.051968571498553e-06,-0.00044356913285810933,0.009418092848623523,4.7718230182524875e-05,0.0007052995479466645,3.090323280602207e-05,7.651301832359879e-05,0.026302845371652082,-8.238245212889768e-06,-8.619344412529379e-05,0.0031194187553824147,8.203488020868174e-06,3.310678916999503e-05,-7.543156436237708e-06,-0.021356250655365484,-1.5155044053563447e-05,0.0008643092298477361,0.024631272503935826,-0.00010185185587956711,0.002765239257412232,-8.942451734624308e-05,-0.00010437117482167109,-2.4751977170591365e-05,2.7100090512760327e-05,0.03434963136638118,0.02978787075510971,-0.09496691461684668,-3.72812331480396e-05,6.7887055465202835e-06,-2.386946261760406e-05,-0.003264751251017313,-1.777875521980709e-05,0.00165249966318326,-0.0008689844330197587,2.8220313383653437e-05,5.341791012392289e-06,0.00017274928093083598,-8.073773753710997e-05,-2.0725996022603562e-06,-8.717101148311602e-05,2.8524848159216077e-06,0.0006588357230198037,4.339379965689437e-05,-0.01661833055271552,-0.05869145314719382,3.810036128876604e-05,4.3227484860718806e-05,-8.002049081221504e-07,8.747408373419637e-07,0.015698665618573117,-4.497310958688452e-06,-0.000151905229521834,-1.7651460631116513e-05,-7.8126893728601e-06,-0.014695361676588147,-0.00046091909984390155,-1.3790961319846799e-05,3.559263362580526e-05,-0.0018427331676159342,-0.0007090025423672423,-0.005954038435384668,-2.2665521489531615e-05,0.00019991997237136334,9.020597848088426e-05,0.00022479422902693858,-0.00035844199042520515,0.0005816117629444496,0.006049684244225171,-0.00036876377615941943,-0.027563599274444555,-2.484482328668852e-07,-3.5131335076187086e-05,-0.00034365969960965445,-7.141356515826324e-05,-5.4388403202174944e-05,-0.00014752104623859456,0.0001876744405398049,-0.0076285430493194155,2.7682877855249596e-05,0.00026145429033004895,3.75124422355243e-05,5.4998511765706985e-05,-6.538475356246019e-06,-0.0001079186373696572,-0.0002826914262644375,-0.0007525216944364006,0.0002666252348631893,-0.016962405295426985,4.5716211023971755e-05,0.0001863198590300526,4.8922814883448225e-05,0.00012676492108292594,0.00016965058849028082,-0.001055693474232127,0.04231014600744893,8.327160469602602e-05,-0.07974610621818935,-4.0228908350234475e-05,-0.001537966386929695
5,0.0004602345396143269,0.0003376244960282365,1.3322802654591516e-06,-0.00036574952457770274,0.008648990128875819,2.697203075236096e-05,0.0005089177723949679,6.902512077692826e-07,3.625285814092668e-05,0.025653377373865388,-8.238245212889768e-06,-5.037499056802483e-05,0.002991698841088774,-6.520286576807568e-07,1.0995947949255009e-05,-2.2557658027661577e-06,-0.021142972578038963,-2.2943214852832602e-06,0.000551916159584932,0.024111705546506206,-1.9032110690719066e-05,0.0025131835759612878,-1.6109276359486095e-05,-5.33512386720227e-05,-2.0543874588222333e-06,4.61393155482227e-06,0.03347026226165263,0.02908685191924685,-0.09355461944585777,-1.6459945687780922e-05,7.480418849192463e-07,-4.867876702883276e-06,-0.002622692210081561,-4.416277829190209e-08,0.001407007251293461,-0.0008234058116316724,8.409999581005101e-06,1.0705407770295563e-06,5.450347387435942e-05,-5.989214044927699e-06,1.0986002890174074e-06,-5.088227825059265e-05,2.8524848159216077e-06,0.0005810915583190294,1.4325879204594956e-05,-0.01630411987309879,-0.05847537204596601,1.0059686948579438e-05,1.0055395268584036e-05,6.880414143540226e-07,-2.589132223893191e-07,0.015512771920479344,8.62928651163469e-08,-4.6691359537134925e-05,-7.06627497234341e-07,-6.009099987068076e-07,-0.014350274047437144,-0.0003657833396972578,-1.3790961319846799e-05,1.0091008261680147e-06,-0.0018427331676159342,-0.0004670308634806538,-0.005659638954657101,2.217523044274986e-06,0.00011566619387386552,5.34238284184323e-05,3.68797047145532e-07,-0.00028894749000510237,0.00040455834719839965,0.0054203986037283155,-0.0002622717191398517,-0.02722883556634902,-2.484482328668852e-07,-1.6479314979197438e-05,-0.00028009251595019637,-8.116112573110549e-06,-2.5755089660828133e-05,-0.00010660194451035257,0.00011832118580984456,-0.006834816042360361,6.912195755759579e-06,0.00019512202298375755,1.1262042032396686e-05,1.6721890150856282e-06,1.797370388957619e-06,-7.356933638494271e-05,-0.00022818408872920387,-0.0006389781906355989,0.0002132122132891138,-0.01524127662807404,2.058646679205258e-05,0.00010969806897884109,1.6937778525582835e-05,1.9207537316914758e-05,6.245250476577901e-05,-0.0009728264643608306,0.04056810547615143,9.227023274963626e-06,-0.07913990056733752,-3.833642087117178e-06,-0.0015424723408653579
6,0.0004474463638694334,0.0003105945192968323,5.103471612705244e-07,-0.00034280034139045517,0.008485384170612165,2.4004397832554964e-05,0.0004894324332245161,1.0172582266158724e-07,2.9522564709718473e-05,0.025554362569937223,-8.238245212889768e-06,-4.336153711326637e-05,0.00295487283057502,-8.114345748302222e-08,6.6259271761834545e-06,-2.082753310348316e-07,-0.02107941977644651,-9.62391608079086e-07,0.0005031306488599205,0.023949847837945362,-5.363052387239072e-06,0.002467679668884021,-6.514390521478301e-06,-4.430636196008817e-05,-3.7451844554291644e-08,2.0763015259771565e-06,0.033229304555247245,0.028940864465142407,-0.09312203252267773,-1.4286898793342902e-05,1.642396957609322e-07,-3.2424015944024374e-06,-0.002433856310969425,9.738103727366252e-09,0.0012996795723836684,-0.0008064311809305358,6.151064675457601e-06,2.6549380360097936e-07,3.33140632241543e-05,-4.529243774222341e-07,2.5108223237364894e-08,-4.25871055417258e-05,-4.6549452816904304e-07,0.0005618464777598795,9.291667079528714e-06,-0.016213091660106937,-0.05845162870366773,3.3000455065392283e-07,5.5722156291293585e-06,1.2565239319406964e-07,-7.556236429239648e-09,0.0154868895987258,-2.88120806612097e-09,-2.485122477505708e-05,-9.973472329971365e-09,2.8795244437289394e-08,-0.01424230132808601,-0.00034535152086965614,-1.3790961319846799e-05,-3.617466990435852e-08,-0.0018427331676159342,-0.00042320976672643106,-0.005573335962828338,-2.9353474185535943e-08,0.00010531003737502043,4.9491036299888596e-05,3.68797047145532e-07,-0.000281754439432503,0.0003672456380792759,0.005292219720191569,-0.00024932392716664215,-0.027148335175380338,-7.533227592475089e-08,-1.231763736137667e-05,-0.00027000311798777173,-2.1737562124452473e-06,-1.8233046546277696e-05,-9.395402215816285e-05,0.00010225886449808147,-0.006587964642543591,3.87774395978746e-06,0.00017855909744820663,7.247479062385031e-06,1.0839306498499216e-07,4.7638382891763634e-08,-6.420971237096675e-05,-0.0002142139939891503,-0.0006196865678343681,0.00020150578818328675,-0.015028767180360966,1.7234736404605726e-05,9.562632233108386e-05,1.15473552960965e-05,5.801463551600057e-06,4.0940165882820864e-05,-0.0009573447794053213,0.04028291847225554,2.017941629064842e-07,-0.0790089568080988,-1.3731434450122442e-08,-0.0015408039034950978
7,0.0004452380971912407,0.0003065016269163453,4.2511702406893047e-07,-0.00033824599748701544,0.008457379555196272,2.3208531412687762e-05,0.0004849192930257218,3.103360235792944e-08,2.845660775404702e-05,0.025535838325316657,8.006807537419218e-06,-4.233065370238879e-05,0.0029462738235334174,-8.945900994576628e-09,5.8368185007271e-06,-3.370718286141668e-08,-0.021062727288449493,-8.036652908015707e-07,0.0004916535089233406,0.02391755658676221,-3.429908252057458e-06,0.002459031344123755,-4.274822664257391e-06,-4.2560011565865804e-05,-3.7451844554291644e-08,1.649751386482906e-06,0.03317342709300118,0.028883209954856947,-0.0930696901260627,-1.374742657304482e-05,5.295912036753194e-08,-2.8237617224091735e-06,-0.0023924597071048976,-9.485275805804655e-10,0.00126681412864523,-0.0008040088453691665,5.80353158614611e-06,1.527605362053636e-07,2.674670812555911e-05,1.6702532832014587e-08,3.1465991148117653e-09,-4.1447181012095746e-05,-5.228831846734942e-08,0.0005575763421911911,8.46386876248418e-06,-0.01617494580079675,-0.05844924677344597,1.2838938068081478e-09,4.6843336941459936e-06,2.050927235063797e-08,-6.576345494701047e-09,0.015477283867957025,-1.6619389843367299e-09,-2.1705066024714684e-05,-5.005767700793183e-09,6.662235915389246e-09,-0.014223484113876111,-0.0003391905547253243,-1.3790961319846799e-05,-1.5981928935353596e-08,-0.0018427331676159342,-0.0004119185196272997,-0.005561334709270573,2.141415464226637e-08,0.00010214763063255008,4.8594093715376404e-05,-5.4345149270884544e-08,-0.0002797617755548869,0.00035754767919169534,0.00525333511942473,-0.00024511978537972883,-0.02713319987055419,-1.2892387644172618e-08,-1.139981219541194e-05,-0.00026772851001823685,-1.5761200710293617e-06,-1.6557311554608976e-05,-9.12999890588788e-05,9.666111091379868e-05,-0.006556598928540448,3.373153738080208e-06,0.000174815582452296,6.3376873985531825e-06,3.406027964860159e-09,-1.5603911124702847e-08,-6.222657731915274e-05,-0.00021270610331465203,-0.0006137013406202227,0.00019913945553004433,-0.014988890605341653,1.6119363195076898e-05,9.153613122382941e-05,1.0418315651795491e-05,2.926314386829825e-06,3.737122971904424e-05,-0.0009539969903601956,0.04022167691698961,4.6483199193457224e-08,-0.07898362637177013,-1.3731434450122442e-08,-0.0015413720652548788
8,0.00044463930809991335,0.00030534731559958496,4.003521934718805e-07,-0.0003374651169600136,0.008449620299531899,2.2982101714405942e-05,0.0004839903310184019,1.652235946749709e-08,2.8240849354492426e-05,0.02552995487130901,7.526142130171462e-06,-4.2113934353297784e-05,0.0029438907829330975,-1.7018494609023487e-09,5.637186602369288e-06,-3.2183310039648834e-09,-0.021057875863914458,-7.780131514768233e-07,0.0004894910441556465,0.023910619219243465,-3.088287027579729e-06,0.0024557646243982,-3.569200286338358e-06,-4.2313137623589906e-05,-1.5287898822258486e-08,1.5696841880086607e-06,0.03315754329422553,0.028872396701162935,-0.09305234611830226,-1.3624981384204062e-05,3.1746108814875136e-08,-2.744643062313147e-06,-0.0023783545971496544,4.208127139032218e-10,0.0012562281899824136,-0.000803604504654243,5.7312299081247094e-06,1.2051405251999603e-07,2.560529980776509e-05,-2.1973022078358233e-09,1.1317638162458843e-10,-4.117051690114667e-05,-6.574656271617491e-09,0.0005563909431095631,8.224241229148249e-06,-0.0161669510976119,-0.05844845002147454,1.2259404394134108e-09,4.366813882461625e-06,1.3052430725954427e-09,-3.290811382027219e-09,0.015474564966174855,-1.5789901585041482e-10,-2.1078325146186573e-05,-1.3985906168277414e-09,3.5110861911395285e-09,-0.014218326131620124,-0.00033810873406756834,-1.3790961319846799e-05,-4.02536022441166e-09,-0.0018427331676159342,-0.00040801845784361085,-0.005558971311098785,7.2811353613964926e-09,0.00010135448983462542,4.828760930744538e-05,-9.599754657303097e-09,-0.0002792720773008042,0.0003553233327909815,0.005246780257649815,-0.00024407033343818574,-0.02712908897434499,-5.037271548153705e-09,-1.1148803526523924e-05,-0.0002669079649183357,-1.4305286202714933e-06,-1.6039091457726453e-05,-9.056524732310661e-05,9.565283267579531e-05,-0.006546649445601546,3.292849361366058e-06,0.00017393258386104254,6.17660950130435e-06,2.9752383963337294e-10,-3.671352235542903e-09,-6.181058683161774e-05,-0.00021239453966457564,-0.0006121062341026299,0.00019823166798592124,-0.014981044947354074,1.5923834622525677e-05,9.103756506162559e-05,1.0291305757912765e-05,2.50941177811608e-06,3.6129788575268404e-05,-0.0009532233416303248,0.040207907944172463,-1.0086671177917222e-09,-0.07897495884212417,-4.60453188778026e-10,-0.0015414250489867575
9,0.00044453624365189135,0.00030513606131579214,3.9196216782514434e-07,-0.00033725040810005303,0.008448301423686966,2.29007004577631e-05,0.00048384257647271685,1.3497602411996834e-08,2.819593751289981e-05,0.025528758636488003,7.4075738364788535e-06,-4.203099135114021e-05,0.0029432714298381446,-6.734620438283876e-10,5.5981689671137606e-06,-5.388640468062156e-10,-0.021056833262986106,-7.70425509732059e-07,0.0004890457475283652,0.023909597628084166,-3.0327973347982018e-06,0.002454948660511713,-3.398280649367418e-06,-4.226202881899573e-05,-1.1062824816466216e-08,1.5515358437908507e-06,0.033153939836409005,0.028870061635737475,-0.09304849856820725,-1.360033222168441e-05,2.5030163012924928e-08,-2.729147400636174e-06,-0.002375026037876672,1.2290471692029054e-10,0.0012543713146396427,-0.0008034798320918854,5.707699793786574e-06,1.1336889351801455e-07,2.5329502259081724e-05,-2.677878300226496e-10,-2.2374363853501016e-11,-4.109282843466988e-05,-1.3261804884834142e-09,0.0005561212413758695,8.181013153569297e-06,-0.016164529412899083,-0.05844828659620334,-7.541444470614564e-11,4.329781211989728e-06,2.6319237744352218e-11,-2.5768627445985993e-09,0.015473826341603335,-2.270840309568695e-11,-2.095185782365204e-05,-6.830076729059253e-10,3.1876016254003005e-09,-0.014217096776245589,-0.00033753819395760315,-1.3790961319846799e-05,-2.5962720563600027e-09,-0.0018427331676159342,-0.0004074490180120575,-0.0055584926717177335,5.019604444601108e-09,0.00010122252049780118,4.822789246047676e-05,-1.4684796794865015e-09,-0.0002792024823920659,0.00035496424328766127,0.005245740598065379,-0.00024384696296599306,-0.027128376057729435,-3.2662852716069515e-09,-1.1087220416140488e-05,-0.0002667420601942706,-1.3905237012520145e-06,-1.5899824375782588e-05,-9.044926268317541e-05,9.544617470873806e-05,-0.006542211813138893,3.272033767309237e-06,0.00017379239032672128,6.138541867495828e-06,9.575651868636542e-12,-2.510991189747758e-09,-6.168934159170024e-05,-0.00021233409662080836,-0.0006118671702246318,0.0001979135966312307,-0.014979288845590733,1.588873883217943e-05,9.083008772332053e-05,1.0254732746764691e-05,2.422232972725212e-06,3.566685579206431e-05,-0.000953063237652317,0.040205752696542696,-1.125845475061491e-10,-0.07897286629237785,3.943858746203335e-11,-0.001541381697016593
10,0.0004445072415557947,0.00030508699411719903,3.8923586206789025e-07,-0.00033719463989522017,0.008447975224091017,2.286828355497559e-05,0.00048379976407041364,1.2974460754485704e-08,2.8183813628460786e-05,0.025528525712478146,7.3746399487746965e-06,-4.2011592160321796e-05,0.0029431669696690886,-4.5363110608730056e-10,5.595406346947709e-06,-1.3448453294074736e-10,-0.021056679422174745,-7.695669680022309e-07,0.0004889484776729907,0.02390929288584214,-3.0142488896518127e-06,0.0024548426639882204,-3.3554876433189855e-06,-4.22492338339017e-05,-1.0221745052459108e-08,1.5473345481947597e-06,0.033152688083175716,0.02886971762599653,-0.09304710004541376,-1.3595296390194503e-05,2.427637813093127e-08,-2.7256662686526487e-06,-0.002374182786663619,8.381486731108667e-11,0.001253965327529319,-0.0008034465142860872,5.699946043185865e-06,1.1195259556362468e-07,2.5287214106470438e-05,-8.128833152826545e-11,-4.560162417127248e-12,-4.10795203797839e-05,-2.890371891272201e-10,0.0005560702623473889,8.168988438621653e-06,-0.0161640179996555,-0.058448270931735255,-9.098969815680439e-12,4.317372629475575e-06,2.3554100225494104e-11,-2.3746367324926563e-09,0.015473599541477192,-6.000297104243787e-12,-2.092403386784929e-05,-5.612146383175189e-10,3.121299990570395e-09,-0.014216864525891779,-0.0003373975221316267,-1.3790961319846799e-05,-2.3695344557680127e-09,-0.0018427331676159342,-0.0004073582293567803,-0.005558337836911378,4.322041490486401e-09,0.00010117780602899916,4.8216937947320886e-05,-6.271402989931767e-10,-0.0002791790018670716,0.00035486395187473774,0.0052452926679525625,-0.00024381212784230954,-0.02712822073382811,-3.009780716430074e-09,-1.107638160684533e-05,-0.00026670684300589026,-1.3848253979742217e-06,-1.5864030470432275e-05,-9.03852701298249e-05,9.540054672605892e-05,-0.0065407970610993765,3.265391491330251e-06,0.00017376646271172156,6.128704698905455e-06,-2.52699413591888e-12,-2.2877014922342377e-09,-6.165889586748127e-05,-0.00021232456895564836,-0.0006118175255289441,0.0001978363734472611,-0.014978765799690605,1.5877292468972215e-05,9.079116628508053e-05,1.0240154153636462e-05,2.4027062555689e-06,3.559626575043393e-05,-0.0009530239137970594,0.040205512864369033,3.5189974709819654e-13,-0.07897238422497842,-7.584695367067338e-12,-0.0015413637781770814
11,0.000444501378304588,0.0003050792064147832,3.8846057326158885e-07,-0.00033717885972043237,0.008447920395291034,2.285901743638465e-05,0.00048378785986065534,1.2856388585102958e-08,2.8181433889767946e-05,0.02552849683850545,7.363116097373066e-06,-4.199921565186189e-05,0.0029431313875236424,-4.2037807508380354e-10,5.594923153203546e-06,-1.0052642642213113e-10,-0.021056622727012836,-7.693750042308864e-07,0.0004889268611968001,0.023909118439412153,-3.0106004732348923e-06,0.002454821112712656,-3.3473850871197816e-06,-4.224616290257648e-05,-1.005406473156736e-08,1.5455927723418126e-06,0.03315245933971638,0.028869669107111195,-0.09304673176322206,-1.359463706072203e-05,2.385661952661491e-08,-2.7251463046832314e-06,-0.0023740634766148743,7.674487723699684e-11,0.0012538207707627183,-0.0008034330764703773,5.698510484951397e-06,1.1148444664587415e-07,2.5281412135850188e-05,-6.610583163237358e-11,-1.6831994789334414e-12,-4.107687837449864e-05,-1.4308212023716526e-10,0.000556059588334112,8.166559206550819e-06,-0.01616392746805424,-0.05844826410842896,-2.727916770999951e-12,4.316226562873073e-06,1.0480711670873976e-11,-2.347527612205743e-09,0.015473576066504128,-3.1291048142107295e-12,-2.0920576212051038e-05,-5.259740861532914e-10,3.103904640094121e-09,-0.014216803212987076,-0.000337364926816934,-1.3790961319846799e-05,-2.318802802204443e-09,-0.0018427331676159342,-0.0004073437297507871,-0.005558313407754445,4.231296850082933e-09,0.00010117086468205665,4.8214410165117206e-05,-5.831220392321387e-10,-0.00027917235665299176,0.0003548420172619821,0.005245187129696195,-0.0002438034893125448,-0.02712817493492702,-2.972262176269679e-09,-1.1075151936806233e-05,-0.00026669992586317125,-1.383939192006436e-06,-1.5852973784942252e-05,-9.037119922676366e-05,9.538947580315598e-05,-0.006540638475152162,3.264059910737518e-06,0.00017375864124137934,6.126170124604239e-06,-5.311869773737211e-13,-2.2217682295554806e-09,-6.165058710202164e-05,-0.0002123228093612425,-0.0006118077691496282,0.00019782103161037468,-0.01497853410931779,1.5874025771257423e-05,9.07784212515699e-05,1.023533210430827e-05,2.3988599698981357e-06,3.557651190225273e-05,-0.0009530165013104605,0.040205484395739455,-1.50069834769762e-13,-0.07897229690695354,-1.0201281937933413e-12,-0.001541360431838596
12,0.00044449999061471504,0.0003050759923358121,3.8820319666990787e-07,-0.00033717444255814067,0.008447907748957404,2.2858178093178165e-05,0.0004837854026618788,1.282644994603823e-08,2.8180599762445228e-05,0.025528486809267732,7.359218853251662e-06,-4.199719777855334e-05,0.0029431170313148633,-4.1038857348586484e-10,5.594849796333551e-06,-9.251536213750476e-11,-0.021056612853811003,-7.693165293669039e-07,0.0004889234467347904,0.023909067682363522,-3.009929184010298e-06,0.002454818824152351,-3.3450257026381047e-06,-4.224520027958651e-05,-1.0008683094745546e-08,1.5453253514771705e-06,0.03315241398574333,0.02886965767217637,-0.0930466858180459,-1.3594521155355359e-05,2.3752117652950224e-08,-2.7249294418947903e-06,-0.0023740413039079365,7.450580132529738e-11,0.001253784707990521,-0.0008034301141465267,5.698055041563745e-06,1.113497374844e-07,2.527979353564913e-05,-6.280754511163185e-11,-1.104804305633236e-12,-4.1076264635097985e-05,-1.1242646397477449e-10,0.0005560573279436095,8.165590453746998e-06,-0.01616391526612091,-0.05844826234897009,-1.1214350380154429e-12,4.3156939454159605e-06,8.55892833308321e-12,-2.3394473406958446e-09,0.0154735681001,-2.770711501695006e-12,-2.0919795536596303e-05,-5.179045497430997e-10,3.099777726875211e-09,-0.01421678369879548,-0.00033735907370265587,-1.3790961319846799e-05,-2.300666713501207e-09,-0.0018427331676159342,-0.0004073403326633648,-0.0055583090914834475,4.204590711279503e-09,0.00010116916309769143,4.821366259108602e-05,-5.763484616703162e-10,-0.00027917048601511983,0.0003548346928940754,0.005245171004358574,-0.00024380130794770787,-0.027128165294066413,-2.9570646889780024e-09,-1.1074709346461943e-05,-0.0002666982076381586,-1.383671340191689e-06,-1.5851492189137697e-05,-9.036948470667691e-05,9.538665433856555e-05,-0.006540596445823122,3.263593020306872e-06,0.00017375517245721536,6.125448469262944e-06,-1.8230671157696388e-13,-2.2082258021805596e-09,-6.164864277033508e-05,-0.00021232218317841263,-0.0006118055865814955,0.0001978175875049138,-0.014978490988632343,1.587323041252503e-05,9.077565481611839e-05,1.0234059259220463e-05,2.3977961104754153e-06,3.557150631301735e-05,-0.0009530135499459405,0.040205479107957603,1.632489411974612e-14,-0.07897227747555102,-2.7934551037297574e-13,-0.0015413603789131219
13,0.0004444997151871297,0.0003050752393466788,3.8815817480054005e-07,-0.0003371737148561648,0.008447904145723568,2.2857843784771348e-05,0.00048378506227253384,1.281885029305571e-08,2.8180397075589106e-05,0.02552848412635465,7.35858737078127e-06,-4.1996634811497045e-05,0.0029431124176438764,-4.087600033105715e-10,5.594830600871183e-06,-9.005252379061417e-11,-0.021056611834426742,-7.69307731595796e-07,0.0004889227605027779,0.023909047375132542,-3.0097191064110166e-06,0.002454818382861617,-3.3445143930122294e-06,-4.224499217363922e-05,-9.99129830938119e-09,1.5452525023719048e-06,0.03315240318652339,0.028869654723416356,-0.09304666514111375,-1.3594475173151402e-05,2.3734791268541913e-08,-2.724857772231363e-06,-0.002374036072461329,7.403589255190224e-11,0.0012537769940194235,-0.0008034292051802766,5.697976891461261e-06,1.1131940186418409e-07,2.5279298167383626e-05,-6.195526437941863e-11,-9.662847161172468e-13,-4.107614406845873e-05,-1.0536620584057556e-10,0.0005560568630091866,8.165202526089131e-06,-0.016163912182521094,-0.058448261894782305,-8.094844484887145e-13,4.315602984113146e-06,8.246513587772107e-12,-2.337254317922356e-09,0.015473565344188756,-2.718187035294209e-12,-2.091965057578503e-05,-5.160373500155464e-10,3.0989225632356598e-09,-0.014216778562839927,-0.00033735778083539584,-1.3790961319846799e-05,-2.2945141124265725e-09,-0.0018427331676159342,-0.0004073396270437723,-0.005558308134340225,4.199949915656291e-09,0.00010116882617877199,4.8213367843430866e-05,-5.755906976742472e-10,-0.00027917006048020887,0.0003548334713754205,0.005245166694176648,-0.0002438008942036468,-0.027128161259031967,-2.954568341945669e-09,-1.1074547711141148e-05,-0.00026669778362552714,-1.38360438569411e-06,-1.5851086032154522e-05,-9.036921331758716e-05,9.538619369798374e-05,-0.006540587556859448,3.2634945113309166e-06,0.00017375427708268384,6.12520929205558e-06,-1.5047688407065754e-13,-2.2056550610442286e-09,-6.164841432471568e-05,-0.0002123220266091169,-0.0006118050800748288,0.00019781584624362758,-0.014978478583840512,1.5873051754778447e-05,9.077516636513304e-05,1.0233714072636321e-05,2.397521270396146e-06,3.5570199091877106e-05,-0.0009530124583955791,0.040205477820209924,8.768231262407143e-16,-0.07897227341981478,-1.6458992429115695e-13,-0.0015413603651608404
14,0.0004444996387899376,0.0003050749934932622,3.8814708202333183e-07,-0.0003371736050969222,0.008447903317968585,2.285781945070349e-05,0.00048378497775620756,1.281668273181574e-08,2.8180371089566364e-05,0.025528483496481957,7.358305927367303e-06,-4.19964975165598e-05,0.0029431113094298368,-4.08459340093237e-10,5.594823908114052e-06,-8.933033312926405e-11,-0.02105661162329574,-7.693048494785993e-07,0.0004889225296389309,0.023909044594298087,-3.009687029449561e-06,0.0024548183043769396,-3.3444168783704305e-06,-4.224495572184122e-05,-9.985345067847311e-09,1.5452376428959652e-06,0.033152401996664485,0.028869653550537434,-0.09304666191631779,-1.3594461065027548e-05,2.373031892181117e-08,-2.7248421068148247e-06,-0.0023740347744037253,7.383513734794014e-11,0.00125377560179912,-0.0008034288687885973,5.697955465953208e-06,1.1131210699596647e-07,2.5279225690351044e-05,-6.174359299288057e-11,-9.360707701127222e-13,-4.107613007556779e-05,-1.0403486203065935e-10,0.0005560567518266838,8.165093894798773e-06,-0.016163911305818457,-0.05844826169378705,-7.564535506373462e-13,4.315583407616479e-06,8.138869051467398e-12,-2.3367975431893593e-09,0.015473564852630017,-2.7013780490438738e-12,-2.0919601614791744e-05,-5.154619395054937e-10,3.0985693888673544e-09,-0.014216776832785558,-0.0003373574813527831,-1.3790961319846799e-05,-2.293755334384063e-09,-0.0018427331676159342,-0.00040733940525576747,-0.005558307919688562,4.198970657494704e-09,0.00010116873686079262,4.8213320232520176e-05,-5.754162584362036e-10,-0.00027916993172487516,0.00035483287749634937,0.005245165831886381,-0.00024380079060389292,-0.027128160272507685,-2.953879872753622e-09,-1.1074488888393664e-05,-0.00026669770033418223,-1.3835782060949601e-06,-1.5850980345805442e-05,-9.036914814106994e-05,9.53860630537522e-05,-0.0065405846724340315,3.2634823187476393e-06,0.00017375404302882083,6.125172421948472e-06,-1.4474930025497205e-13,-2.2048696114014803e-09,-6.164836881069423e-05,-0.0002123219868856655,-0.0006118050002403885,0.0001978154522527286,-0.014978475934024649,1.5873033373139588e-05,9.077507847323682e-05,1.0233635682896967e-05,2.397426263499726e-06,3.557004944483954e-05,-0.0009530121089187497,0.040205477301406875,4.692165292056584e-17,-0.07897227241120162,-1.3849955945374196e-13,-0.0015413603313735322
15,0.00044449962181729584,0.00030507495317890957,3.8814485909666925e-07,-0.00033717357904747096,0.008447903113599017,2.285781454163358e-05,0.0004837849594406327,1.2816327285094606e-08,2.818036510247005e-05,0.025528483407886417,7.358227881853651e-06,-4.1996459842225776e-05,0.0029431110975934554,-4.083535582757275e-10,5.594823464119991e-06,-8.917759817556806e-11,-0.021056611581920865,-7.693040945064562e-07,0.0004889225029139122,0.02390904380497889,-3.009681752607722e-06,0.002454818287761118,-3.3443897860152573e-06,-4.224494885442447e-05,-9.983528266244985e-09,1.5452346179837383e-06,0.03315240171635991,0.028869653293984016,-0.09304666108313066,-1.3594454486614725e-05,2.372951980299623e-08,-2.7248368769157253e-06,-0.0023740346254804874,7.379457882990629e-11,0.0012537750962871108,-0.0008034287842900795,5.697947492862092e-06,1.1130944491059552e-07,2.527919873919846e-05,-6.168351711459933e-11,-9.273235904796138e-13,-4.107612704926534e-05,-1.0376915795968938e-10,0.000556056709821077,8.165080757972979e-06,-0.016163911062059493,-0.05844826165266932,-7.377691434900362e-13,4.3155778018521576e-06,8.12470090419404e-12,-2.336668989936242e-09,0.015473564661753045,-2.6974306830739546e-12,-2.091959122169669e-05,-5.153482389503139e-10,3.0985178020314694e-09,-0.014216776609447628,-0.0003373574495743713,-1.3790961319846799e-05,-2.2935646640468064e-09,-0.0018427331676159342,-0.0004073393719985018,-0.00555830785419221,4.198692688509606e-09,0.00010116872104554749,4.821330724592692e-05,-5.753381671169671e-10,-0.00027916990250034573,0.0003548327613296751,0.005245165640249351,-0.0002438007602719731,-0.0271281600715212,-2.9537640033683076e-09,-1.1074479974862392e-05,-0.0002666976705846503,-1.3835730111929056e-06,-1.585095997275603e-05,-9.036913293596752e-05,9.538603535374044e-05,-0.006540583837343725,3.2634770032346204e-06,0.00017375401991350913,6.125160845842796e-06,-1.4362921083268145e-13,-2.2047253992182286e-09,-6.164835518942883e-05,-0.00021232197903392854,-0.0006118049795119549,0.00019781535243777753,-0.014978475284399106,1.587302897217001e-05,9.077505592609245e-05,1.0233613884525951e-05,2.3974025937410108e-06,3.557000447215835e-05,-0.0009530120874952797,0.040205477200947116,9.209778142828032e-18,-0.07897227227899808,-1.359959569887866e-13,-0.001541360328007433
16,0.0004444996194518882,0.00030507494569030093,3.8814454608317615e-07,-0.00033717357396968164,0.008447903084840542,2.2857813345119094e-05,0.0004837849565772768,1.2816213679067285e-08,2.818036368705314e-05,0.02552848339882799,7.3582110824196365e-06,-4.1996453713034126e-05,0.0029431110413898564,-4.083288974141666e-10,5.594823366305681e-06,-8.916191842015272e-11,-0.02105661156256606,-7.693040077289782e-07,0.0004889224984791626,0.023909043630988665,-3.0096805944330666e-06,0.002454818285863046,-3.3443829091356784e-06,-4.224494726767475e-05,-9.982818462965017e-09,1.5452339948234531e-06,0.033152401646880963,0.028869653240356112,-0.09304666076707171,-1.3594452806186603e-05,2.3729335271971534e-08,-2.7248359273261925e-06,-0.002374034572800327,7.377985788878617e-11,0.0012537749709064492,-0.00080342876172044,5.6979459994607595e-06,1.1130900732999792e-07,2.5279195086665358e-05,-6.167167567569917e-11,-9.254320801909396e-13,-4.1076126318852714e-05,-1.0370020528824234e-10,0.0005560566997796773,8.165077029727693e-06,-0.01616391100630424,-0.058448261646864896,-7.300517787948365e-13,4.3155762804954e-06,8.121186473173179e-12,-2.3366520141542738e-09,0.015473564624713687,-2.6965097200509974e-12,-2.0919588207546866e-05,-5.153293631979735e-10,3.098506307837382e-09,-0.014216776553805122,-0.0003373574416839724,-1.3790961319846799e-05,-2.2935132661779716e-09,-0.0018427331676159342,-0.00040733936203123024,-0.005558307841395096,4.198604770108139e-09,0.00010116871697274835,4.8213303149995836e-05,-5.753250665911253e-10,-0.0002791698978689797,0.0003548327478403034,0.005245165592027915,-0.00024380075262476984,-0.02712816004283322,-2.9537268897751883e-09,-1.1074478132475091e-05,-0.0002666976572315437,-1.383572071176197e-06,-1.5850954542594322e-05,-9.036913158432681e-05,9.538602780382108e-05,-0.006540583689014601,3.2634757691322496e-06,0.00017375401594500975,6.125159484107498e-06,-1.43349184637831e-13,-2.204696006228393e-09,-6.164835096859628e-05,-0.0002123219775426218,-0.0006118049756987721,0.00019781532783389176,-0.014978475083355244,1.5873028027994007e-05,9.077505220220034e-05,1.0233604342787534e-05,2.3973992767662845e-06,3.556999810806818e-05,-0.0009530120822502516,0.040205477175712614,5.211950842822727e-19,-0.07897227225603531,-1.352510104866368e-13,-0.0015413603253497982
17,0.0004444996191347899,0.0003050749443652155,3.8814444747484113e-07,-0.0003371735725864266,0.008447903075864446,2.285781305183382e-05,0.00048378495609594353,1.2816174241946138e-08,2.8180363381814196e-05,0.02552848339682705,7.358207188431563e-06,-4.199645129997483e-05,0.002943111025585829,-4.083204884944431e-10,5.594823354091853e-06,-8.915872768228496e-11,-0.021056611555909148,-7.693039816368505e-07,0.0004889224977500064,0.0239090435889147,-3.009680342794251e-06,0.002454818285497358,-3.344381787119679e-06,-4.22449468534136e-05,-9.982570079679964e-09,1.5452338503544846e-06,0.03315240163114743,0.028869653226780395,-0.09304666069617841,-1.3594452477396689e-05,2.3729302915853435e-08,-2.724835710372199e-06,-0.002374034561410619,7.377708131788858e-11,0.001253774924090308,-0.0008034287559566779,5.697945539097293e-06,1.1130890616915408e-07,2.5279193565051106e-05,-6.166910829881555e-11,-9.249572211307263e-13,-4.107612612282559e-05,-1.0369040075432071e-10,0.0005560566979401613,8.16507629583055e-06,-0.01616391100235716,-0.058448261645740095,-7.286831386974159e-13,4.3155758681652925e-06,8.120186831176825e-12,-2.336649060963959e-09,0.015473564612753505,-2.6961798986119912e-12,-2.0919587442543476e-05,-5.153225835122534e-10,3.0985047175939888e-09,-0.014216776541277704,-0.00033735743897404043,-1.3790961319846799e-05,-2.2935034948192415e-09,-0.0018427331676159342,-0.00040733936005490315,-0.005558307839146745,4.198583050235849e-09,0.0001011687163943913,4.821330193957185e-05,-5.753223830196798e-10,-0.0002791698965506452,0.0003548327431863933,0.005245165576708677,-0.0002438007498393107,-0.027128160035001264,-2.9537168630579627e-09,-1.1074477909534052e-05,-0.0002666976550211028,-1.383571784980522e-06,-1.585095346309935e-05,-9.036913133519917e-05,9.538602437090765e-05,-0.006540583652852351,3.263475488997796e-06,0.00017375401487396087,6.1251590323435115e-06,-1.4330667559504252e-13,-2.2046867638854748e-09,-6.164834949799842e-05,-0.00021232197728699074,-0.0006118049745449971,0.0001978153242525831,-0.014978475033236672,1.5873027802638547e-05,9.077504977965324e-05,1.0233603110314542e-05,2.3973983086260263e-06,3.556999601732038e-05,-0.0009530120811657879,0.04020547716632438,2.571941397389268e-20,-0.07897227224905637,-1.3511332035693313e-13,-0.0015413603251208186
18,0.0004444996190599155,0.0003050749440161115,3.8814441915841467e-07,-0.00033717357198947376,0.008447903073684093,2.2857812969065627e-05,0.0004837849559508536,1.2816166273089033e-08,2.8180363326795192e-05,0.0255284833965841,7.35820630171053e-06,-4.199645075149065e-05,0.0029431110223181595,-4.083188531071555e-10,5.594823350581513e-06,-8.915832815023612e-11,-0.021056611554272412,-7.69303974561863e-07,0.0004889224976381952,0.02390904357980312,-3.0096802402717786e-06,0.002454818285442801,-3.3443813909422523e-06,-4.224494671281185e-05,-9.982506689564618e-09,1.5452338110726479e-06,0.033152401627763624,0.028869653225011765,-0.09304666068752303,-1.3594452376689955e-05,2.3729298550554243e-08,-2.724835688043599e-06,-0.002374034559324189,7.37764979993581e-11,0.00125377491251908,-0.0008034287548358231,5.697945487417598e-06,1.1130885519458083e-07,2.52791933698197e-05,-6.16684307610315e-11,-9.248394945907383e-13,-4.107612605987131e-05,-1.0368820615192182e-10,0.0005560566976284354,8.165076105732838e-06,-0.016163911001400973,-0.05844826164539705,-7.280876787365907e-13,4.315575791135697e-06,8.119981836498696e-12,-2.3366481456953984e-09,0.015473564610060404,-2.6960032252561853e-12,-2.0919587188193848e-05,-5.153209552920008e-10,3.0985043350929536e-09,-0.014216776537727197,-0.0003373574383589306,-1.3790961319846799e-05,-2.293501695729182e-09,-0.0018427331676159342,-0.0004073393592048037,-0.0055583078386098606,4.198577268565262e-09,0.00010116871627652468,4.821330166618881e-05,-5.753214174807653e-10,-0.0002791698963044843,0.0003548327412681945,0.005245165572746189,-0.0002438007492803337,-0.027128160033333758,-2.953715157527938e-09,-1.1074477833026325e-05,-0.00026669765436003505,-1.383571668099791e-06,-1.585095326780534e-05,-9.036913128466681e-05,9.538602314810348e-05,-0.006540583646772598,3.26347542899453e-06,0.00017375401459429445,6.125158930323197e-06,-1.432985200643584e-13,-2.204683686585471e-09,-6.164834908335115e-05,-0.00021232197718114307,-0.0006118049742791222,0.00019781532341246578,-0.014978475024687743,1.5873027754509098e-05,9.077504883776224e-05,1.0233602838746333e-05,2.3973979941663173e-06,3.5569995552666216e-05,-0.0009530120808350191,0.040205477163362285,2.7217467055000153e-21,-0.07897227224711278,-1.350738093990277e-13,-0.0015413603251888258
19,0.0004444996190389958,0.0003050749439838826,3.881444129850444e-07,-0.0003371735719059117,0.00844790307321031,2.285781294900825e-05,0.0004837849559147769,1.2816163927908427e-08,2.8180363305256414e-05,0.025528483396525376,7.358206133717899e-06,-4.199645059550532e-05,0.002943111021623263,-4.083183909210211e-10,5.594823349492474e-06,-8.915813704177909e-11,-0.021056611553797205,-7.693039732254009e-07,0.0004889224976175487,0.023909043576446527,-3.009680220856441e-06,0.0024548182854241237,-3.344381271826033e-06,-4.224494668247883e-05,-9.982491593096709e-09,1.5452337981919532e-06,0.033152401626726856,0.028869653224223253,-0.09304666068552737,-1.3594452354817035e-05,2.372929728455991e-08,-2.7248356806151183e-06,-0.0023740345586366184,7.377625526343502e-11,0.0012537749098817642,-0.0008034287545341766,5.69794547193448e-06,1.1130884824480707e-07,2.5279193292096074e-05,-6.166829368162573e-11,-9.247971409245086e-13,-4.107612604265473e-05,-1.0368775488649907e-10,0.0005560566975259059,8.165076071939979e-06,-0.016163911001217574,-0.05844826164530888,-7.279497908336413e-13,4.3155757717887335e-06,8.119941433334256e-12,-2.33664779055685e-09,0.015473564609524643,-2.695976604080079e-12,-2.0919587064489416e-05,-5.153207767927136e-10,3.098504260452432e-09,-0.014216776536986756,-0.0003373574381923423,-1.3790961319846799e-05,-2.293500917431926e-09,-0.0018427331676159342,-0.0004073393590214538,-0.00555830783851372,4.198576372025025e-09,0.00010116871624988796,4.8213301615196436e-05,-5.753211326603302e-10,-0.0002791698962746513,0.0003548327409589831,0.005245165570910953,-0.00024380074918892446,-0.0271281600329323,-2.9537148220583373e-09,-1.1074477812361142e-05,-0.0002666976542173484,-1.3835716513492717e-06,-1.585095321628742e-05,-9.036913127217502e-05,9.538602300560312e-05,-0.006540583645897244,3.263475407676783e-06,0.0001737540145107435,6.1251589149041036e-06,-1.432966452123858e-13,-2.2046827592851536e-09,-6.164834898933095e-05,-0.0002123219771650365,-0.0006118049741879077,0.0001978153231564494,-0.014978475021622372,1.5873027743092937e-05,9.077504868532916e-05,1.0233602745725573e-05,2.397397907392675e-06,3.5569995425977666e-05,-0.0009530120807596254,0.04020547716296508,1.0669752103191323e-21,-0.07897227224630413,-1.3505910968302315e-13,-0.001541360325213818
20,0.00044449961903605267,0.0003050749439762807,3.8814441170980344e-07,-0.00033717357189515197,0.008447903073033943,2.2857812945050044e-05,0.00048378495590765594,1.2816163521402633e-08,2.818036330054549e-05,0.025528483396509948,7.358206072459933e-06,-4.199645055667748e-05,0.0029431110214592432,-4.083182896875485e-10,5.59482334936899e-06,-8.915811358546307e-11,-0.021056611553631623,-7.693039728624458e-07,0.0004889224976063224,0.023909043575940776,-3.00968021716222e-06,0.0024548182854172832,-3.34438125324316e-06,-4.2244946676913886e-05,-9.982489266434372e-09,1.5452337960033342e-06,0.033152401626582166,0.028869653224064984,-0.09304666068531622,-1.3594452347366804e-05,2.3729296963352774e-08,-2.724835677881376e-06,-0.00237403455859359,7.37761814908415e-11,0.0012537749092155126,-0.000803428754496017,5.697945468326201e-06,1.1130884597532208e-07,2.5279193264265065e-05,-6.166825634935399e-11,-9.247912729685501e-13,-4.107612603502192e-05,-1.036876051733771e-10,0.000556056697497868,8.165076065763182e-06,-0.016163911001183126,-0.05844826164527073,-7.279208754864494e-13,4.3155757650344004e-06,8.119936943989333e-12,-2.3366477209521366e-09,0.015473564609397866,-2.695970807775767e-12,-2.0919587043591927e-05,-5.153207516013642e-10,3.0985042476623013e-09,-0.014216776536697099,-0.0003373574381722543,-1.3790961319846799e-05,-2.293500672930595e-09,-0.0018427331676159342,-0.00040733935898058197,-0.005558307838487164,4.198576120242867e-09,0.00010116871624418189,4.821330160219129e-05,-5.7532102886834e-10,-0.00027916989626928823,0.0003548327408434913,0.005245165570364001,-0.00024380074916591834,-0.027128160032844694,-2.9537147667977283e-09,-1.1074477806446665e-05,-0.00026669765418297503,-1.3835716466939494e-06,-1.5850953206582384e-05,-9.036913126722966e-05,9.53860229628491e-05,-0.006540583645724868,3.263475402257553e-06,0.00017375401449830694,6.125158912170557e-06,-1.4329628869863954e-13,-2.2046825260300225e-09,-6.164834896428492e-05,-0.00021232197716153925,-0.0006118049741486961,0.00019781532311397492,-0.014978475020852155,1.587302774142985e-05,9.077504864679091e-05,1.0233602728752154e-05,2.397397892436098e-06,3.556999538806532e-05,-0.0009530120807436451,0.04020547716280793,6.8839224807215785e-22,-0.07897227224610588,-1.3505661934667424e-13,-0.0015413603252215074
21,0.0004444996190348818,0.0003050749439740344,3.881444112630036e-07,-0.0003371735718930559,0.008447903072968553,2.2857812944254673e-05,0.0004837849559054171,1.28161634450319e-08,2.8180363298350385e-05,0.025528483396506946,7.358206061681706e-06,-4.1996450547119546e-05,0.002943111021409354,-4.0831827261111734e-10,5.594823349339068e-06,-8.915810655384979e-11,-0.021056611553586804,-7.693039728032269e-07,0.0004889224976044843,0.02390904357580282,-3.009680215761427e-06,0.0024548182854141135,-3.344381249356749e-06,-4.224494667606349e-05,-9.982488864108974e-09,1.545233795400384e-06,0.03315240162655246,0.028869653224011093,-0.09304666068527942,-1.3594452345577095e-05,2.3729296874570655e-08,-2.724835677393076e-06,-0.002374034558586605,7.377617156060917e-11,0.0012537749090629146,-0.0008034287544860013,5.6979454671415875e-06,1.113088457412393e-07,2.5279193259473342e-05,-6.166824478326076e-11,-9.247888383275638e-13,-4.1076126033455785e-05,-1.0368754679113848e-10,0.000556056697494437,8.165076064866566e-06,-0.01616391100117794,-0.05844826164526388,-7.279125702201312e-13,4.315575763863578e-06,8.119936114412692e-12,-2.336647707879485e-09,0.015473564609374208,-2.6959692208350925e-12,-2.0919587040647542e-05,-5.153207451603137e-10,3.098504244791817e-09,-0.014216776536570958,-0.0003373574381696384,-1.3790961319846799e-05,-2.2935006420666818e-09,-0.0018427331676159342,-0.0004073393589684629,-0.005558307838482432,4.198576100060779e-09,0.00010116871624195456,4.821330159851003e-05,-5.753209989336614e-10,-0.00027916989626740676,0.00035483274081335437,0.005245165570286277,-0.00024380074915889235,-0.027128160032828547,-2.9537147509975236e-09,-1.1074477804903513e-05,-0.00026669765417699863,-1.383571645892907e-06,-1.5850953204922856e-05,-9.036913126584536e-05,9.538602294838997e-05,-0.00654058364568057,3.263475400896308e-06,0.00017375401449542917,6.125158911459738e-06,-1.432961968592732e-13,-2.204682452511288e-09,-6.164834895544233e-05,-0.000212321977160676,-0.0006118049741375268,0.00019781532309664729,-0.01497847502064584,1.5873027741041054e-05,9.07750486418046e-05,1.0233602727324876e-05,2.397397889743509e-06,3.5569995378638736e-05,-0.0009530120807398302,0.04020547716276548,6.110331279949765e-22,-0.07897227224605728,-1.350558504716867e-13,-0.0015413603252227425
22,0.0004444996190345903,0.0003050749439737627,3.881444111090256e-07,-0.00033717357189281074,0.008447903072953943,2.285781294410224e-05,0.00048378495590496354,1.2816163429013816e-08,2.818036329773973e-05,0.025528483396506225,7.3582060596384165e-06,-4.199645054544747e-05,0.002943111021394632,-4.0831826911765486e-10,5.594823349333737e-06,-8.915810387147632e-11,-0.02105661155357493,-7.693039727881196e-07,0.0004889224976041742,0.02390904357577942,-3.009680215245742e-06,0.002454818285413247,-3.3443812489071315e-06,-4.2244946675857575e-05,-9.98248870457347e-09,1.545233795284893e-06,0.03315240162654637,0.028869653223999647,-0.09304666068527151,-1.359445234512375e-05,2.3729296863718228e-08,-2.7248356772361573e-06,-0.0023740345585859367,7.377616800382552e-11,0.0012537749090100075,-0.0008034287544831399,5.697945466873153e-06,1.1130884564677816e-07,2.527919325763084e-05,-6.166824000948202e-11,-9.247881702352144e-13,-4.107612603323334e-05,-1.0368751800855419e-10,0.0005560566974934764,8.16507606462541e-06,-0.016163911001176718,-0.05844826164526172,-7.279116304843062e-13,4.315575763567871e-06,8.119935811585825e-12,-2.336647704055619e-09,0.015473564609368537,-2.6959688747925356e-12,-2.0919587039811656e-05,-5.153207426180257e-10,3.0985042442215926e-09,-0.01421677653653954,-0.00033735743816897077,-1.3790961319846799e-05,-2.2935006313331042e-09,-0.0018427331676159342,-0.0004073393589655149,-0.005558307838481085,4.198576094127912e-09,0.00010116871624143806,4.821330159739714e-05,-5.753209960585337e-10,-0.0002791698962670571,0.0003548327408054872,0.005245165570250489,-0.00024380074915725448,-0.027128160032823496,-2.953714748719487e-09,-1.1074477804628742e-05,-0.00026669765417521686,-1.3835716456972262e-06,-1.5850953204381053e-05,-9.036913126553638e-05,9.538602294515924e-05,-0.006540583645669685,3.263475400516737e-06,0.00017375401449487397,6.125158911302511e-06,-1.4329617607910395e-13,-2.204682437565814e-09,-6.164834895273902e-05,-0.00021232197716053629,-0.0006118049741351563,0.0001978153230917963,-0.014978475020577548,1.587302774093231e-05,9.077504863905844e-05,1.0233602727072338e-05,2.397397888572724e-06,3.5569995375988865e-05,-0.000953012080739326,0.04020547716275492,5.865230890387534e-22,-0.07897227224604725,-1.350557469774686e-13,-0.0015413603252231165
23,0.00044449961903454265,0.0003050749439737044,3.881444110722893e-07,-0.00033717357189276396,0.008447903072951483,2.2857812944084145e-05,0.00048378495590485003,1.2816163426646993e-08,2.8180363297587388e-05,0.025528483396506076,7.3582060591087025e-06,-4.1996450544921875e-05,0.002943111021392812,-4.0831826863497517e-10,5.594823349332582e-06,-8.915810317125628e-11,-0.021056611553569648,-7.693039727858404e-07,0.0004889224976040862,0.023909043575775894,-3.009680215133452e-06,0.002454818285412978,-3.344381248790728e-06,-4.224494667579862e-05,-9.982488674791514e-09,1.5452337952532967e-06,0.03315240162654439,0.028869653223996077,-0.09304666068527002,-1.3594452344991416e-05,2.372929686076934e-08,-2.7248356772039967e-06,-0.0023740345585857234,7.377616718246828e-11,0.001253774908996824,-0.0008034287544824408,5.697945466731366e-06,1.1130884561506751e-07,2.5279193257084502e-05,-6.166823953401307e-11,-9.24788086128086e-13,-4.107612603316443e-05,-1.0368751240160665e-10,0.0005560566974931382,8.165076064554963e-06,-0.016163911001176458,-0.058448261645261,-7.279114706360472e-13,4.315575763484064e-06,8.119935750993304e-12,-2.336647703268171e-09,0.015473564609367196,-2.69596875006619e-12,-2.0919587039623164e-05,-5.153207418537589e-10,3.0985042440366106e-09,-0.014216776536533368,-0.00033735743816879995,-1.3790961319846799e-05,-2.293500629188945e-09,-0.0018427331676159342,-0.00040733935896498436,-0.00555830783848072,4.19857609164544e-09,0.00010116871624134109,4.821330159697743e-05,-5.753209951218278e-10,-0.0002791698962669717,0.00035483274080362273,0.005245165570241682,-0.0002438007491567958,-0.02712816003282238,-2.953714748384352e-09,-1.1074477804588566e-05,-0.00026669765417461583,-1.3835716456562647e-06,-1.5850953204252728e-05,-9.036913126544792e-05,9.538602294457426e-05,-0.006540583645667774,3.263475400462645e-06,0.00017375401449474457,6.1251589112582095e-06,-1.4329616880734874e-13,-2.2046824322328865e-09,-6.164834895211493e-05,-0.0002123219771605232,-0.0006118049741343594,0.0001978153230910004,-0.014978475020556345,1.5873027740917387e-05,9.077504863822967e-05,1.0233602727007007e-05,2.397397888264198e-06,3.556999537490231e-05,-0.0009530120807392085,0.04020547716275088,5.80927002145062e-22,-0.078972272246045,-1.3505571150310285e-13,-0.0015413603252231467
24,0.0004444996190345289,0.00030507494397368835,3.881444110607101e-07,-0.0003371735718927541,0.008447903072950748,2.2857812944078006e-05,0.00048378495590483685,1.2816163426318288e-08,2.81803632975258e-05,0.02552848339650605,7.3582060590154086e-06,-4.199645054483413e-05,0.0029431110213925435,-4.083182685477014e-10,5.594823349332272e-06,-8.915810295011739e-11,-0.021056611553568295,-7.693039727854238e-07,0.0004889224976040513,0.02390904357577508,-3.0096802151081463e-06,0.0024548182854129174,-3.3443812487693836e-06,-4.224494667578432e-05,-9.982488669001115e-09,1.545233795248947e-06,0.03315240162654389,0.028869653223995005,-0.09304666068526969,-1.3594452344971441e-05,2.372929686019607e-08,-2.7248356771936612e-06,-0.0023740345585856635,7.377616693720419e-11,0.0012537749089938355,-0.0008034287544822765,5.697945466714879e-06,1.1130884560845288e-07,2.5279193257001334e-05,-6.166823936886737e-11,-9.247880599781463e-13,-4.107612603314922e-05,-1.0368751118000449e-10,0.0005560566974930333,8.165076064542117e-06,-0.0161639110011764,-0.05844826164526088,-7.279114385082993e-13,4.315575763472017e-06,8.119935740414258e-12,-2.3366477029945513e-09,0.015473564609366977,-2.6959687225403485e-12,-2.0919587039579366e-05,-5.153207417171723e-10,3.098504243992028e-09,-0.014216776536531871,-0.0003373574381687601,-1.3790961319846799e-05,-2.2935006287605035e-09,-0.0018427331676159342,-0.0004073393589648442,-0.005558307838480631,4.198576091101807e-09,0.00010116871624132081,4.821330159689602e-05,-5.753209949141467e-10,-0.00027916989626693817,0.000354832740802725,0.005245165570240635,-0.0002438007491566542,-0.027128160032822212,-2.9537147482966225e-09,-1.1074477804580765e-05,-0.00026669765417450356,-1.3835716456493178e-06,-1.585095320420976e-05,-9.036913126543846e-05,9.538602294445556e-05,-0.0065405836456671985,3.2634754004509763e-06,0.00017375401449471292,6.125158911246664e-06,-1.4329616686741679e-13,-2.2046824305563027e-09,-6.164834895194891e-05,-0.00021232197716051994,-0.0006118049741342007,0.00019781532309076088,-0.014978475020550918,1.587302774091306e-05,9.077504863802572e-05,1.02336027269959e-05,2.397397888175665e-06,3.5569995374740216e-05,-0.0009530120807391872,0.040205477162750344,5.788853098821922e-22,-0.07897227224604456,-1.350557067868769e-13,-0.0015413603252231393
25,0.00044449961903452416,0.0003050749439736846,3.881444110582046e-07,-0.00033717357189275187,0.008447903072950572,2.28578129440757e-05,0.00048378495590483013,1.2816163426267117e-08,2.8180363297516736e-05,0.025528483396506048,7.358206058997344e-06,-4.1996450544809274e-05,0.0029431110213924312,-4.083182685353745e-10,5.594823349332207e-06,-8.91581028874061e-11,-0.02105661155356797,-7.6930397278529e-07,0.0004889224976040412,0.023909043575774926,-3.0096802151008737e-06,0.0024548182854129004,-3.3443812487655893e-06,-4.224494667578124e-05,-9.982488667169455e-09,1.5452337952484995e-06,0.033152401626543815,0.0288696532239947,-0.09304666068526964,-1.3594452344966354e-05,2.372929686004321e-08,-2.7248356771912917e-06,-0.0023740345585856514,7.37761668562462e-11,0.0012537749089932733,-0.0008034287544822433,5.697945466704999e-06,1.1130884560692174e-07,2.5279193256985776e-05,-6.166823933380595e-11,-9.247880513182394e-13,-4.107612603314631e-05,-1.0368751090614304e-10,0.0005560566974930129,8.165076064539205e-06,-0.01616391100117639,-0.058448261645260846,-7.279114261933989e-13,4.3155757634689124e-06,8.119935736196294e-12,-2.336647702933114e-09,0.015473564609366924,-2.6959687170590333e-12,-2.091958703957221e-05,-5.153207416879506e-10,3.0985042439752392e-09,-0.014216776536531403,-0.00033735743816875463,-1.3790961319846799e-05,-2.293500628670808e-09,-0.0018427331676159342,-0.00040733935896482076,-0.005558307838480615,4.198576090930564e-09,0.00010116871624131604,4.821330159687878e-05,-5.753209948481098e-10,-0.0002791698962669305,0.0003548327408024526,0.0052451655702404985,-0.00024380074915662342,-0.027128160032822184,-2.953714748274468e-09,-1.1074477804578197e-05,-0.00026669765417447586,-1.3835716456476735e-06,-1.585095320420134e-05,-9.036913126543658e-05,9.538602294443692e-05,-0.0065405836456670415,3.2634754004452775e-06,0.00017375401449470926,6.125158911242249e-06,-1.4329616642742615e-13,-2.2046824301233853e-09,-6.164834895191202e-05,-0.00021232197716051894,-0.0006118049741341584,0.00019781532309071453,-0.014978475020550084,1.5873027740912237e-05,9.077504863796392e-05,1.0233602726993962e-05,2.397397888161659e-06,3.556999537469985e-05,-0.0009530120807391817,0.04020547716275017,5.782397050345846e-22,-0.07897227224604435,-1.3505570458802184e-13,-0.0015413603252231384
26,0.0004444996190345228,0.0003050749439736835,3.881444110577988e-07,-0.00033717357189275117,0.008447903072950529,2.285781294407514e-05,0.00048378495590482905,1.2816163426253455e-08,2.8180363297515262e-05,0.025528483396506048,7.3582060589935695e-06,-4.1996450544802356e-05,0.00294311102139241,-4.083182685324282e-10,5.59482334933219e-06,-8.915810287709389e-11,-0.021056611553567882,-7.693039727852489e-07,0.0004889224976040399,0.023909043575774884,-3.00968021509884e-06,0.002454818285412895,-3.3443812487645466e-06,-4.224494667578019e-05,-9.982488666812046e-09,1.5452337952483432e-06,0.0331524016265438,0.028869653223994606,-0.09304666068526962,-1.359445234496535e-05,2.3729296860000666e-08,-2.724835677190762e-06,-0.002374034558585649,7.377616683309167e-11,0.0012537749089931653,-0.0008034287544822372,5.69794546670352e-06,1.113088456066852e-07,2.5279193256981293e-05,-6.166823932441485e-11,-9.247880496039625e-13,-4.10761260331458e-05,-1.0368751080630249e-10,0.000556056697493009,8.165076064538471e-06,-0.016163911001176385,-0.058448261645260846,-7.279114246379503e-13,4.3155757634681925e-06,8.119935734882838e-12,-2.3366477029115404e-09,0.015473564609366913,-2.6959687152938626e-12,-2.0919587039569937e-05,-5.153207416810694e-10,3.098504243970984e-09,-0.014216776536531287,-0.00033735743816875333,-1.3790961319846799e-05,-2.2935006286389356e-09,-0.0018427331676159342,-0.0004073393589648152,-0.005558307838480611,4.198576090886998e-09,0.00010116871624131511,4.8213301596875086e-05,-5.753209948350558e-10,-0.0002791698962669284,0.0003548327408023826,0.005245165570240478,-0.00024380074915661214,-0.02712816003282218,-2.953714748270064e-09,-1.1074477804577743e-05,-0.00026669765417446605,-1.3835716456473205e-06,-1.5850953204198196e-05,-9.0369131265436e-05,9.538602294442973e-05,-0.006540583645667006,3.2634754004441484e-06,0.0001737540144947081,6.125158911240291e-06,-1.432961662925136e-13,-2.2046824300206987e-09,-6.164834895190526e-05,-0.00021232197716051878,-0.0006118049741341494,0.0001978153230907035,-0.014978475020549737,1.587302774091205e-05,9.077504863795456e-05,1.0233602726993315e-05,2.3973978881588954e-06,3.556999537468495e-05,-0.0009530120807391811,0.040205477162750095,5.780820977983545e-22,-0.07897227224604428,-1.3505570414688163e-13,-0.0015413603252231373
27,0.00044449961903452243,0.0003050749439736832,3.881444110577538e-07,-0.000337173571892751,0.008447903072950517,2.2857812944074957e-05,0.00048378495590482867,1.2816163426250647e-08,2.8180363297514892e-05,0.025528483396506048,7.3582060589928165e-06,-4.1996450544800885e-05,0.0029431110213924056,-4.083182685320509e-10,5.594823349332183e-06,-8.915810287429216e-11,-0.021056611553567837,-7.693039727852329e-07,0.0004889224976040397,0.02390904357577487,-3.0096802150982627e-06,0.002454818285412893,-3.3443812487643645e-06,-4.224494667577999e-05,-9.982488666686682e-09,1.5452337952483106e-06,0.0331524016265438,0.028869653223994575,-0.09304666068526961,-1.3594452344965107e-05,2.372929685998778e-08,-2.72483567719061e-06,-0.0023740345585856483,7.37761668307886e-11,0.0012537749089931442,-0.0008034287544822348,5.697945466703102e-06,1.113088456066343e-07,2.527919325697967e-05,-6.166823932281526e-11,-9.24788049103827e-13,-4.107612603314561e-05,-1.0368751079129512e-10,0.0005560566974930082,8.165076064538271e-06,-0.016163911001176385,-0.058448261645260846,-7.279114241534767e-13,4.315575763467956e-06,8.119935734587473e-12,-2.3366477029065413e-09,0.01547356460936691,-2.6959687148266615e-12,-2.091958703956911e-05,-5.153207416800082e-10,3.098504243969927e-09,-0.014216776536531259,-0.00033735743816875295,-1.3790961319846799e-05,-2.293500628633546e-09,-0.0018427331676159342,-0.00040733935896481463,-0.00555830783848061,4.198576090877177e-09,0.00010116871624131493,4.821330159687453e-05,-5.753209948318919e-10,-0.000279169896266928,0.0003548327408023664,0.005245165570240474,-0.00024380074915661006,-0.02712816003282218,-2.953714748269627e-09,-1.107447780457764e-05,-0.00026669765417446404,-1.3835716456472627e-06,-1.5850953204197545e-05,-9.036913126543583e-05,9.538602294442819e-05,-0.006540583645666999,3.263475400443944e-06,0.00017375401449470795,6.125158911239934e-06,-1.4329616625184156e-13,-2.2046824300062458e-09,-6.164834895190421e-05,-0.00021232197716051872,-0.0006118049741341473,0.0001978153230906993,-0.014978475020549695,1.5873027740912017e-05,9.077504863795168e-05,1.0233602726993137e-05,2.3973978881585973e-06,3.556999537468145e-05,-0.0009530120807391809,0.04020547716275008,5.780562514052984e-22,-0.07897227224604426,-1.3505570403265205e-13,-0.0015413603252231365
28,0.0004444996190345224,0.00030507494397368314,3.8814441105773916e-07,-0.000337173571892751,0.008447903072950515,2.285781294407492e-05,0.0004837849559048286,1.2816163426250146e-08,2.818036329751485e-05,0.025528483396506048,7.358206058992672e-06,-4.1996450544800736e-05,0.0029431110213924043,-4.083182685319552e-10,5.59482334933218e-06,-8.915810287379788e-11,-0.021056611553567823,-7.693039727852264e-07,0.0004889224976040397,0.023909043575774863,-3.0096802150981238e-06,0.0024548182854128926,-3.3443812487643357e-06,-4.224494667577995e-05,-9.982488666657182e-09,1.5452337952483004e-06,0.0331524016265438,0.028869653223994575,-0.0930466606852696,-1.3594452344965071e-05,2.3729296859983947e-08,-2.7248356771905836e-06,-0.002374034558585648,7.377616683042142e-11,0.0012537749089931382,-0.000803428754482234,5.697945466702995e-06,1.1130884560662463e-07,2.5279193256979074e-05,-6.166823932199816e-11,-9.247880490284524e-13,-4.107612603314557e-05,-1.036875107886599e-10,0.0005560566974930081,8.165076064538242e-06,-0.016163911001176385,-0.058448261645260846,-7.279114240320842e-13,4.315575763467906e-06,8.119935734523873e-12,-2.33664770290482e-09,0.01547356460936691,-2.6959687147461237e-12,-2.091958703956884e-05,-5.153207416797747e-10,3.098504243969606e-09,-0.014216776536531256,-0.00033735743816875284,-1.3790961319846799e-05,-2.29350062863255e-09,-0.0018427331676159342,-0.0004073393589648145,-0.00555830783848061,4.1985760908757055e-09,0.00010116871624131488,4.8213301596874374e-05,-5.753209948314336e-10,-0.00027916989626692787,0.0003548327408023628,0.005245165570240473,-0.00024380074915660949,-0.02712816003282218,-2.9537147482694852e-09,-1.1074477804577615e-05,-0.0002666976541744636,-1.3835716456472447e-06,-1.5850953204197413e-05,-9.036913126543576e-05,9.538602294442758e-05,-0.006540583645666996,3.2634754004438477e-06,0.00017375401449470793,6.125158911239844e-06,-1.4329616624586225e-13,-2.204682430003454e-09,-6.164834895190394e-05,-0.0002123219771605187,-0.0006118049741341465,0.0001978153230906974,-0.014978475020549688,1.5873027740912003e-05,9.077504863795094e-05,1.023360272699309e-05,2.3973978881585426e-06,3.556999537468071e-05,-0.0009530120807391808,0.04020547716275008,5.780500720691293e-22,-0.07897227224604426,-1.3505570399996617e-13,-0.0015413603252231365
29,0.0004444996190345224,0.0003050749439736831,3.881444110577352e-07,-0.000337173571892751,0.008447903072950513,2.2857812944074913e-05,0.0004837849559048286,1.2816163426250004e-08,2.8180363297514838e-05,0.025528483396506048,7.3582060589926335e-06,-4.1996450544800695e-05,0.0029431110213924043,-4.083182685319366e-10,5.59482334933218e-06,-8.915810287357211e-11,-0.02105661155356782,-7.693039727852255e-07,0.0004889224976040397,0.023909043575774863,-3.009680215098097e-06,0.0024548182854128926,-3.3443812487643272e-06,-4.2244946675779946e-05,-9.98248866664831e-09,1.5452337952482987e-06,0.0331524016265438,0.028869653223994575,-0.0930466606852696,-1.3594452344965061e-05,2.3729296859983716e-08,-2.724835677190578e-06,-0.002374034558585648,7.377616683026675e-11,0.0012537749089931358,-0.0008034287544822338,5.697945466702963e-06,1.1130884560662107e-07,2.527919325697895e-05,-6.166823932183977e-11,-9.247880490142057e-13,-4.1076126033145554e-05,-1.0368751078794525e-10,0.0005560566974930081,8.165076064538237e-06,-0.016163911001176385,-0.058448261645260846,-7.279114240191004e-13,4.3155757634679e-06,8.119935734507554e-12,-2.336647702904412e-09,0.01547356460936691,-2.695968714726789e-12,-2.0919587039568758e-05,-5.15320741679723e-10,3.0985042439695366e-09,-0.014216776536531254,-0.00033735743816875284,-1.3790961319846799e-05,-2.293500628632321e-09,-0.0018427331676159342,-0.0004073393589648145,-0.00555830783848061,4.198576090875368e-09,0.00010116871624131488,4.821330159687435e-05,-5.753209948312649e-10,-0.0002791698962669278,0.0003548327408023618,0.005245165570240473,-0.00024380074915660927,-0.02712816003282218,-2.9537147482694596e-09,-1.1074477804577609e-05,-0.0002666976541744635,-1.383571645647238e-06,-1.585095320419739e-05,-9.036913126543575e-05,9.538602294442746e-05,-0.006540583645666996,3.263475400443813e-06,0.00017375401449470793,6.125158911239816e-06,-1.4329616624371965e-13,-2.2046824300030624e-09,-6.164834895190386e-05,-0.0002123219771605187,-0.0006118049741341463,0.00019781532309069697,-0.014978475020549687,1.5873027740912003e-05,9.07750486379508e-05,1.023360272699308e-05,2.397397888158525e-06,3.5569995374680463e-05,-0.0009530120807391808,0.04020547716275008,5.78048940788298e-22,-0.07897227224604426,-1.3505570399369648e-13,-0.001541360325223136
30,0.0004444996190345224,0.00030507494397368303,3.8814441105773365e-07,-0.000337173571892751,0.008447903072950513,2.2857812944074913e-05,0.0004837849559048286,1.2816163426249948e-08,2.8180363297514838e-05,0.025528483396506048,7.3582060589926225e-06,-4.199645054480068e-05,0.0029431110213924043,-4.0831826853193256e-10,5.59482334933218e-06,-8.915810287354575e-11,-0.021056611553567816,-7.693039727852252e-07,0.0004889224976040397,0.023909043575774863,-3.0096802150980924e-06,0.0024548182854128926,-3.3443812487643255e-06,-4.2244946675779946e-05,-9.982488666646187e-09,1.5452337952482985e-06,0.0331524016265438,0.028869653223994575,-0.0930466606852696,-1.3594452344965058e-05,2.372929685998368e-08,-2.724835677190576e-06,-0.002374034558585648,7.377616683021836e-11,0.0012537749089931356,-0.0008034287544822338,5.69794546670296e-06,1.1130884560662037e-07,2.5279193256978928e-05,-6.166823932179448e-11,-9.247880490109566e-13,-4.107612603314555e-05,-1.0368751078779068e-10,0.0005560566974930081,8.165076064538237e-06,-0.016163911001176385,-0.058448261645260846,-7.279114240150254e-13,4.3155757634678985e-06,8.119935734501468e-12,-2.336647702904301e-09,0.01547356460936691,-2.695968714722644e-12,-2.091958703956873e-05,-5.153207416797161e-10,3.0985042439695234e-09,-0.014216776536531254,-0.00033735743816875284,-1.3790961319846799e-05,-2.29350062863223e-09,-0.0018427331676159342,-0.0004073393589648145,-0.00555830783848061,4.198576090875255e-09,0.00010116871624131488,4.821330159687434e-05,-5.753209948312053e-10,-0.0002791698962669278,0.00035483274080236153,0.005245165570240473,-0.0002438007491566092,-0.02712816003282218,-2.9537147482694567e-09,-1.1074477804577607e-05,-0.0002666976541744635,-1.3835716456472369e-06,-1.5850953204197376e-05,-9.036913126543575e-05,9.538602294442744e-05,-0.006540583645666996,3.2634754004438096e-06,0.00017375401449470793,6.125158911239809e-06,-1.432961662433735e-13,-2.204682430002967e-09,-6.164834895190383e-05,-0.0002123219771605187,-0.0006118049741341463,0.00019781532309069683,-0.014978475020549687,1.5873027740912003e-05,9.077504863795076e-05,1.0233602726993076e-05,2.397397888158522e-06,3.556999537468042e-05,-0.0009530120807391808,0.04020547716275008,5.780487700313111e-22,-0.07897227224604426,-1.3505570399296869e-13,-0.001541360325223136
